Actual,Predicted
COMEDY,ARTS & CULTURE
WOMEN,BUSINESS
ARTS & CULTURE,ARTS & CULTURE
CRIME,SPORTS
EDUCATION,EDUCATION
RELIGION,RELIGION
SPORTS,SPORTS
ARTS & CULTURE,ARTS & CULTURE
WOMEN,BUSINESS
EDUCATION,EDUCATION
SCIENCE,SCIENCE
RELIGION,RELIGION
ENTERTAINMENT,ENTERTAINMENT
MEDIA,MEDIA
ARTS & CULTURE,ARTS & CULTURE
ARTS & CULTURE,EDUCATION
WOMEN,EDUCATION
BUSINESS,TECH
EDUCATION,EDUCATION
SPORTS,SPORTS
TECH,TECH
BUSINESS,BUSINESS
RELIGION,RELIGION
COMEDY,COMEDY
RELIGION,RELIGION
POLITICS,POLITICS
ENTERTAINMENT,WOMEN
SPORTS,SPORTS
RELIGION,RELIGION
SPORTS,SPORTS
ENTERTAINMENT,ENTERTAINMENT
ARTS & CULTURE,ARTS & CULTURE
ARTS & CULTURE,ARTS & CULTURE
BUSINESS,EDUCATION
BUSINESS,BUSINESS
ARTS & CULTURE,ARTS & CULTURE
RELIGION,POLITICS
EDUCATION,EDUCATION
ARTS & CULTURE,RELIGION
MEDIA,SPORTS
TECH,TECH
COMEDY,COMEDY
MEDIA,MEDIA
SCIENCE,SCIENCE
ARTS & CULTURE,RELIGION
COMEDY,ENTERTAINMENT
SPORTS,SPORTS
ENTERTAINMENT,ENTERTAINMENT
ARTS & CULTURE,ARTS & CULTURE
MEDIA,POLITICS
SPORTS,CRIME
POLITICS,POLITICS
ARTS & CULTURE,ARTS & CULTURE
ENVIRONMENT,ENVIRONMENT
ENVIRONMENT,ENVIRONMENT
BUSINESS,BUSINESS
POLITICS,POLITICS
ARTS & CULTURE,ARTS & CULTURE
BUSINESS,BUSINESS
CRIME,CRIME
BUSINESS,BUSINESS
WOMEN,WOMEN
POLITICS,TECH
ENTERTAINMENT,ENTERTAINMENT
EDUCATION,EDUCATION
MEDIA,MEDIA
ARTS & CULTURE,ARTS & CULTURE
POLITICS,POLITICS
ENTERTAINMENT,COMEDY
EDUCATION,EDUCATION
SPORTS,SPORTS
RELIGION,RELIGION
BUSINESS,BUSINESS
CRIME,CRIME
POLITICS,POLITICS
ARTS & CULTURE,ARTS & CULTURE
COMEDY,ARTS & CULTURE
WOMEN,WOMEN
SPORTS,SPORTS
ENTERTAINMENT,ENTERTAINMENT
BUSINESS,BUSINESS
ENTERTAINMENT,ENTERTAINMENT
BUSINESS,TECH
BUSINESS,ARTS & CULTURE
COMEDY,COMEDY
SPORTS,ENTERTAINMENT
MEDIA,MEDIA
ARTS & CULTURE,ARTS & CULTURE
POLITICS,POLITICS
SCIENCE,ENVIRONMENT
SPORTS,SPORTS
CRIME,CRIME
BUSINESS,BUSINESS
EDUCATION,EDUCATION
WOMEN,BUSINESS
POLITICS,POLITICS
BUSINESS,BUSINESS
MEDIA,POLITICS
RELIGION,RELIGION
RELIGION,RELIGION
RELIGION,RELIGION
TECH,TECH
ARTS & CULTURE,ARTS & CULTURE
ENVIRONMENT,ENVIRONMENT
ENVIRONMENT,ENVIRONMENT
POLITICS,POLITICS
POLITICS,RELIGION
ARTS & CULTURE,ARTS & CULTURE
EDUCATION,EDUCATION
COMEDY,COMEDY
EDUCATION,ARTS & CULTURE
SPORTS,SPORTS
COMEDY,COMEDY
ARTS & CULTURE,ARTS & CULTURE
ENVIRONMENT,ENVIRONMENT
POLITICS,COMEDY
TECH,TECH
POLITICS,RELIGION
ENTERTAINMENT,ENTERTAINMENT
RELIGION,RELIGION
COMEDY,COMEDY
ENTERTAINMENT,SPORTS
POLITICS,BUSINESS
POLITICS,TECH
ARTS & CULTURE,ARTS & CULTURE
RELIGION,RELIGION
POLITICS,POLITICS
ARTS & CULTURE,ENTERTAINMENT
RELIGION,RELIGION
ARTS & CULTURE,ARTS & CULTURE
ENTERTAINMENT,ENTERTAINMENT
ENTERTAINMENT,ENTERTAINMENT
WOMEN,WOMEN
WOMEN,WOMEN
EDUCATION,EDUCATION
ENTERTAINMENT,ENTERTAINMENT
ARTS & CULTURE,ARTS & CULTURE
ARTS & CULTURE,ARTS & CULTURE
ENTERTAINMENT,ARTS & CULTURE
SPORTS,SPORTS
EDUCATION,POLITICS
ENTERTAINMENT,ENTERTAINMENT
ENTERTAINMENT,COMEDY
ENVIRONMENT,ENVIRONMENT
COMEDY,COMEDY
EDUCATION,EDUCATION
ENVIRONMENT,ENVIRONMENT
ARTS & CULTURE,ARTS & CULTURE
SPORTS,SPORTS
ENVIRONMENT,ENVIRONMENT
WOMEN,WOMEN
ARTS & CULTURE,ARTS & CULTURE
CRIME,CRIME
CRIME,CRIME
SPORTS,SPORTS
ARTS & CULTURE,ARTS & CULTURE
TECH,CRIME
ARTS & CULTURE,ARTS & CULTURE
TECH,SPORTS
MEDIA,MEDIA
SPORTS,SPORTS
ARTS & CULTURE,ARTS & CULTURE
ENVIRONMENT,ENVIRONMENT
ARTS & CULTURE,ARTS & CULTURE
TECH,TECH
ENVIRONMENT,ENVIRONMENT
ENTERTAINMENT,ENTERTAINMENT
BUSINESS,BUSINESS
ENVIRONMENT,EDUCATION
WOMEN,WOMEN
CRIME,CRIME
CRIME,CRIME
ENTERTAINMENT,ENTERTAINMENT
TECH,SCIENCE
WOMEN,POLITICS
POLITICS,POLITICS
SPORTS,SPORTS
ENTERTAINMENT,ENTERTAINMENT
ARTS & CULTURE,ARTS & CULTURE
ENVIRONMENT,ENVIRONMENT
BUSINESS,BUSINESS
COMEDY,COMEDY
CRIME,CRIME
CRIME,WOMEN
EDUCATION,EDUCATION
ENVIRONMENT,EDUCATION
SCIENCE,SCIENCE
EDUCATION,ARTS & CULTURE
RELIGION,RELIGION
ARTS & CULTURE,ARTS & CULTURE
RELIGION,WOMEN
ARTS & CULTURE,ARTS & CULTURE
POLITICS,POLITICS
WOMEN,WOMEN
EDUCATION,EDUCATION
EDUCATION,ARTS & CULTURE
ENVIRONMENT,ENVIRONMENT
ENTERTAINMENT,ENTERTAINMENT
MEDIA,MEDIA
RELIGION,RELIGION
WOMEN,SPORTS
TECH,TECH
CRIME,CRIME
ARTS & CULTURE,ENTERTAINMENT
ENVIRONMENT,ENVIRONMENT
ENVIRONMENT,ENVIRONMENT
RELIGION,RELIGION
EDUCATION,EDUCATION
COMEDY,COMEDY
ENTERTAINMENT,POLITICS
ARTS & CULTURE,ARTS & CULTURE
POLITICS,POLITICS
SPORTS,SPORTS
ENVIRONMENT,ENVIRONMENT
ENTERTAINMENT,POLITICS
TECH,TECH
BUSINESS,BUSINESS
ARTS & CULTURE,ARTS & CULTURE
CRIME,CRIME
ARTS & CULTURE,ARTS & CULTURE
RELIGION,RELIGION
MEDIA,MEDIA
POLITICS,POLITICS
ARTS & CULTURE,ARTS & CULTURE
RELIGION,RELIGION
RELIGION,WOMEN
MEDIA,POLITICS
EDUCATION,EDUCATION
ENVIRONMENT,ENVIRONMENT
POLITICS,POLITICS
EDUCATION,EDUCATION
COMEDY,COMEDY
ARTS & CULTURE,ARTS & CULTURE
CRIME,CRIME
MEDIA,TECH
ENTERTAINMENT,ENTERTAINMENT
COMEDY,ENTERTAINMENT
ENVIRONMENT,POLITICS
BUSINESS,BUSINESS
WOMEN,WOMEN
COMEDY,COMEDY
WOMEN,WOMEN
ARTS & CULTURE,MEDIA
ARTS & CULTURE,ENTERTAINMENT
ARTS & CULTURE,ARTS & CULTURE
BUSINESS,BUSINESS
SPORTS,SPORTS
SCIENCE,SCIENCE
ARTS & CULTURE,ARTS & CULTURE
WOMEN,CRIME
TECH,SCIENCE
ENTERTAINMENT,ARTS & CULTURE
CRIME,CRIME
SCIENCE,SCIENCE
SPORTS,SPORTS
BUSINESS,BUSINESS
WOMEN,SPORTS
ENTERTAINMENT,ENTERTAINMENT
WOMEN,WOMEN
SPORTS,SPORTS
ARTS & CULTURE,ARTS & CULTURE
ENTERTAINMENT,ARTS & CULTURE
BUSINESS,BUSINESS
COMEDY,COMEDY
ARTS & CULTURE,ARTS & CULTURE
POLITICS,POLITICS
SPORTS,SPORTS
WOMEN,WOMEN
EDUCATION,EDUCATION
EDUCATION,EDUCATION
SCIENCE,SCIENCE
EDUCATION,EDUCATION
WOMEN,WOMEN
WOMEN,WOMEN
SPORTS,SPORTS
ENVIRONMENT,SCIENCE
ENVIRONMENT,SCIENCE
SPORTS,SPORTS
ENTERTAINMENT,COMEDY
BUSINESS,BUSINESS
TECH,BUSINESS
ARTS & CULTURE,ARTS & CULTURE
TECH,TECH
RELIGION,RELIGION
WOMEN,WOMEN
ENVIRONMENT,ENVIRONMENT
WOMEN,EDUCATION
COMEDY,COMEDY
SPORTS,SPORTS
EDUCATION,EDUCATION
POLITICS,POLITICS
ARTS & CULTURE,WOMEN
ENTERTAINMENT,ENTERTAINMENT
TECH,TECH
COMEDY,COMEDY
CRIME,CRIME
MEDIA,EDUCATION
WOMEN,ENVIRONMENT
TECH,POLITICS
ARTS & CULTURE,WOMEN
ENVIRONMENT,ENVIRONMENT
POLITICS,POLITICS
BUSINESS,BUSINESS
ENTERTAINMENT,ENTERTAINMENT
WOMEN,ARTS & CULTURE
ARTS & CULTURE,ARTS & CULTURE
ENVIRONMENT,ENVIRONMENT
SPORTS,ENTERTAINMENT
COMEDY,WOMEN
RELIGION,RELIGION
SPORTS,SPORTS
ENVIRONMENT,ARTS & CULTURE
CRIME,RELIGION
ARTS & CULTURE,ARTS & CULTURE
BUSINESS,TECH
POLITICS,POLITICS
COMEDY,ENTERTAINMENT
ARTS & CULTURE,MEDIA
RELIGION,RELIGION
RELIGION,RELIGION
RELIGION,RELIGION
RELIGION,RELIGION
RELIGION,RELIGION
TECH,POLITICS
ARTS & CULTURE,ARTS & CULTURE
POLITICS,POLITICS
BUSINESS,TECH
ENVIRONMENT,ENVIRONMENT
ENVIRONMENT,ARTS & CULTURE
EDUCATION,EDUCATION
MEDIA,MEDIA
ARTS & CULTURE,ARTS & CULTURE
COMEDY,COMEDY
SPORTS,SPORTS
ARTS & CULTURE,ARTS & CULTURE
EDUCATION,EDUCATION
SPORTS,SPORTS
ENTERTAINMENT,COMEDY
BUSINESS,BUSINESS
ENVIRONMENT,EDUCATION
ENTERTAINMENT,ARTS & CULTURE
POLITICS,WOMEN
EDUCATION,ARTS & CULTURE
BUSINESS,BUSINESS
BUSINESS,BUSINESS
CRIME,CRIME
ARTS & CULTURE,ARTS & CULTURE
MEDIA,ENTERTAINMENT
WOMEN,WOMEN
SCIENCE,SCIENCE
ENVIRONMENT,EDUCATION
SPORTS,SPORTS
BUSINESS,BUSINESS
ARTS & CULTURE,ARTS & CULTURE
ENTERTAINMENT,ENTERTAINMENT
ENVIRONMENT,CRIME
TECH,BUSINESS
EDUCATION,EDUCATION
ARTS & CULTURE,ENTERTAINMENT
ARTS & CULTURE,POLITICS
COMEDY,COMEDY
MEDIA,POLITICS
EDUCATION,WOMEN
MEDIA,ENTERTAINMENT
TECH,TECH
ARTS & CULTURE,ARTS & CULTURE
CRIME,CRIME
SPORTS,SPORTS
ENVIRONMENT,ENVIRONMENT
POLITICS,POLITICS
ARTS & CULTURE,RELIGION
ENTERTAINMENT,ENTERTAINMENT
ENVIRONMENT,ENVIRONMENT
ENTERTAINMENT,ENTERTAINMENT
ENTERTAINMENT,ENTERTAINMENT
WOMEN,POLITICS
RELIGION,RELIGION
WOMEN,WOMEN
COMEDY,COMEDY
MEDIA,RELIGION
ARTS & CULTURE,ARTS & CULTURE
ARTS & CULTURE,ARTS & CULTURE
BUSINESS,BUSINESS
ENTERTAINMENT,COMEDY
WOMEN,ENTERTAINMENT
WOMEN,SPORTS
SCIENCE,SCIENCE
TECH,TECH
RELIGION,RELIGION
MEDIA,MEDIA
COMEDY,BUSINESS
ARTS & CULTURE,ARTS & CULTURE
ENTERTAINMENT,ENTERTAINMENT
WOMEN,WOMEN
SPORTS,CRIME
SPORTS,SPORTS
SPORTS,SPORTS
CRIME,CRIME
CRIME,CRIME
ARTS & CULTURE,ARTS & CULTURE
EDUCATION,EDUCATION
POLITICS,ENTERTAINMENT
SCIENCE,SCIENCE
ENTERTAINMENT,ENTERTAINMENT
SPORTS,SPORTS
SPORTS,SPORTS
RELIGION,POLITICS
EDUCATION,EDUCATION
ARTS & CULTURE,ARTS & CULTURE
ARTS & CULTURE,ARTS & CULTURE
ARTS & CULTURE,ARTS & CULTURE
SCIENCE,SCIENCE
MEDIA,MEDIA
WOMEN,ENTERTAINMENT
EDUCATION,EDUCATION
MEDIA,MEDIA
WOMEN,WOMEN
BUSINESS,ARTS & CULTURE
SPORTS,SPORTS
ARTS & CULTURE,ARTS & CULTURE
ENVIRONMENT,ENVIRONMENT
RELIGION,RELIGION
SPORTS,SPORTS
COMEDY,COMEDY
TECH,SCIENCE
ENTERTAINMENT,ENTERTAINMENT
EDUCATION,EDUCATION
POLITICS,POLITICS
WOMEN,SPORTS
WOMEN,WOMEN
MEDIA,MEDIA
ARTS & CULTURE,ARTS & CULTURE
SCIENCE,SCIENCE
WOMEN,ENTERTAINMENT
ENVIRONMENT,ENVIRONMENT
ARTS & CULTURE,ARTS & CULTURE
ARTS & CULTURE,ARTS & CULTURE
SPORTS,SPORTS
CRIME,POLITICS
RELIGION,RELIGION
BUSINESS,BUSINESS
ENVIRONMENT,ENVIRONMENT
ENVIRONMENT,ENVIRONMENT
CRIME,CRIME
ARTS & CULTURE,ARTS & CULTURE
WOMEN,WOMEN
POLITICS,POLITICS
EDUCATION,EDUCATION
ARTS & CULTURE,ENTERTAINMENT
POLITICS,POLITICS
ARTS & CULTURE,ARTS & CULTURE
WOMEN,RELIGION
WOMEN,WOMEN
RELIGION,RELIGION
TECH,TECH
RELIGION,RELIGION
SPORTS,SPORTS
RELIGION,RELIGION
WOMEN,WOMEN
ARTS & CULTURE,ARTS & CULTURE
POLITICS,POLITICS
CRIME,CRIME
COMEDY,COMEDY
MEDIA,MEDIA
BUSINESS,BUSINESS
ENVIRONMENT,ARTS & CULTURE
WOMEN,BUSINESS
MEDIA,MEDIA
TECH,CRIME
SPORTS,SPORTS
COMEDY,ENTERTAINMENT
POLITICS,POLITICS
TECH,TECH
ENVIRONMENT,ENVIRONMENT
BUSINESS,BUSINESS
RELIGION,RELIGION
ARTS & CULTURE,EDUCATION
CRIME,CRIME
RELIGION,RELIGION
POLITICS,POLITICS
COMEDY,COMEDY
WOMEN,RELIGION
SCIENCE,SCIENCE
WOMEN,WOMEN
SPORTS,ARTS & CULTURE
COMEDY,COMEDY
ENVIRONMENT,CRIME
ENTERTAINMENT,ENTERTAINMENT
SPORTS,SPORTS
RELIGION,RELIGION
RELIGION,RELIGION
ARTS & CULTURE,ARTS & CULTURE
MEDIA,MEDIA
COMEDY,COMEDY
MEDIA,MEDIA
RELIGION,RELIGION
ARTS & CULTURE,ARTS & CULTURE
SPORTS,SPORTS
SCIENCE,SCIENCE
RELIGION,RELIGION
ARTS & CULTURE,ARTS & CULTURE
POLITICS,POLITICS
ARTS & CULTURE,ARTS & CULTURE
SPORTS,SPORTS
SCIENCE,SCIENCE
RELIGION,RELIGION
ENVIRONMENT,ENVIRONMENT
SCIENCE,SCIENCE
EDUCATION,EDUCATION
EDUCATION,EDUCATION
BUSINESS,BUSINESS
COMEDY,COMEDY
BUSINESS,BUSINESS
EDUCATION,EDUCATION
RELIGION,RELIGION
EDUCATION,EDUCATION
ENVIRONMENT,ENVIRONMENT
POLITICS,MEDIA
COMEDY,COMEDY
COMEDY,COMEDY
ENTERTAINMENT,ENTERTAINMENT
EDUCATION,EDUCATION
SCIENCE,SCIENCE
POLITICS,POLITICS
SCIENCE,ENVIRONMENT
CRIME,CRIME
COMEDY,COMEDY
COMEDY,COMEDY
BUSINESS,BUSINESS
WOMEN,WOMEN
ENTERTAINMENT,ENTERTAINMENT
ENVIRONMENT,ENVIRONMENT
SCIENCE,SCIENCE
SPORTS,SPORTS
COMEDY,COMEDY
TECH,TECH
ENTERTAINMENT,ENTERTAINMENT
WOMEN,WOMEN
WOMEN,WOMEN
ENVIRONMENT,ENVIRONMENT
TECH,ARTS & CULTURE
POLITICS,POLITICS
BUSINESS,BUSINESS
TECH,TECH
ARTS & CULTURE,ARTS & CULTURE
ARTS & CULTURE,ARTS & CULTURE
ENTERTAINMENT,WOMEN
MEDIA,MEDIA
EDUCATION,EDUCATION
ENVIRONMENT,ENVIRONMENT
ARTS & CULTURE,MEDIA
BUSINESS,BUSINESS
BUSINESS,BUSINESS
ARTS & CULTURE,ARTS & CULTURE
POLITICS,POLITICS
ENTERTAINMENT,CRIME
ENVIRONMENT,ENVIRONMENT
BUSINESS,BUSINESS
POLITICS,POLITICS
POLITICS,POLITICS
WOMEN,WOMEN
ARTS & CULTURE,ARTS & CULTURE
RELIGION,RELIGION
BUSINESS,ENVIRONMENT
ENVIRONMENT,ENVIRONMENT
RELIGION,RELIGION
ENVIRONMENT,COMEDY
ARTS & CULTURE,ARTS & CULTURE
POLITICS,POLITICS
ARTS & CULTURE,ARTS & CULTURE
COMEDY,COMEDY
TECH,TECH
ARTS & CULTURE,ARTS & CULTURE
TECH,CRIME
WOMEN,WOMEN
COMEDY,COMEDY
EDUCATION,EDUCATION
WOMEN,WOMEN
COMEDY,COMEDY
SPORTS,SPORTS
ARTS & CULTURE,ARTS & CULTURE
TECH,POLITICS
ENTERTAINMENT,COMEDY
TECH,TECH
ARTS & CULTURE,SCIENCE
EDUCATION,POLITICS
ENVIRONMENT,SCIENCE
EDUCATION,SCIENCE
RELIGION,RELIGION
ENTERTAINMENT,ENTERTAINMENT
ENTERTAINMENT,ENTERTAINMENT
ENVIRONMENT,ENVIRONMENT
WOMEN,WOMEN
CRIME,CRIME
ENTERTAINMENT,ARTS & CULTURE
ENVIRONMENT,ARTS & CULTURE
BUSINESS,TECH
WOMEN,WOMEN
SCIENCE,ARTS & CULTURE
SCIENCE,SCIENCE
TECH,POLITICS
BUSINESS,BUSINESS
ENVIRONMENT,ENVIRONMENT
CRIME,SPORTS
POLITICS,ENVIRONMENT
BUSINESS,TECH
SPORTS,SPORTS
ENVIRONMENT,ENVIRONMENT
RELIGION,RELIGION
CRIME,TECH
ENTERTAINMENT,ENTERTAINMENT
ARTS & CULTURE,ARTS & CULTURE
WOMEN,WOMEN
EDUCATION,EDUCATION
ARTS & CULTURE,ARTS & CULTURE
ENTERTAINMENT,ENTERTAINMENT
COMEDY,COMEDY
WOMEN,WOMEN
ENTERTAINMENT,ENTERTAINMENT
SPORTS,SPORTS
ENTERTAINMENT,COMEDY
MEDIA,MEDIA
BUSINESS,CRIME
WOMEN,WOMEN
SPORTS,SPORTS
ARTS & CULTURE,ARTS & CULTURE
SPORTS,SPORTS
CRIME,CRIME
BUSINESS,BUSINESS
SPORTS,SPORTS
BUSINESS,BUSINESS
COMEDY,COMEDY
TECH,SCIENCE
COMEDY,COMEDY
POLITICS,POLITICS
POLITICS,EDUCATION
ARTS & CULTURE,ARTS & CULTURE
POLITICS,POLITICS
SPORTS,MEDIA
ARTS & CULTURE,ARTS & CULTURE
EDUCATION,BUSINESS
SCIENCE,ENVIRONMENT
POLITICS,SPORTS
BUSINESS,BUSINESS
RELIGION,RELIGION
SPORTS,SPORTS
ENTERTAINMENT,ENTERTAINMENT
MEDIA,MEDIA
RELIGION,RELIGION
ARTS & CULTURE,ARTS & CULTURE
POLITICS,POLITICS
MEDIA,MEDIA
POLITICS,CRIME
ENVIRONMENT,COMEDY
EDUCATION,EDUCATION
TECH,TECH
WOMEN,WOMEN
COMEDY,COMEDY
COMEDY,COMEDY
BUSINESS,POLITICS
EDUCATION,EDUCATION
SCIENCE,SCIENCE
RELIGION,RELIGION
SPORTS,WOMEN
POLITICS,POLITICS
ARTS & CULTURE,ARTS & CULTURE
RELIGION,RELIGION
EDUCATION,EDUCATION
RELIGION,WOMEN
ARTS & CULTURE,ARTS & CULTURE
MEDIA,MEDIA
BUSINESS,BUSINESS
RELIGION,RELIGION
WOMEN,WOMEN
SCIENCE,SCIENCE
SCIENCE,SCIENCE
ENTERTAINMENT,ENTERTAINMENT
ARTS & CULTURE,ARTS & CULTURE
ENVIRONMENT,ENTERTAINMENT
BUSINESS,SPORTS
ARTS & CULTURE,ARTS & CULTURE
ENTERTAINMENT,ENTERTAINMENT
ENVIRONMENT,ENVIRONMENT
TECH,TECH
TECH,ARTS & CULTURE
ENVIRONMENT,ENVIRONMENT
BUSINESS,BUSINESS
CRIME,CRIME
ENTERTAINMENT,ENTERTAINMENT
SPORTS,SPORTS
RELIGION,RELIGION
ARTS & CULTURE,ARTS & CULTURE
TECH,COMEDY
ENTERTAINMENT,COMEDY
EDUCATION,EDUCATION
ARTS & CULTURE,ARTS & CULTURE
ARTS & CULTURE,ARTS & CULTURE
TECH,TECH
EDUCATION,ARTS & CULTURE
BUSINESS,BUSINESS
ARTS & CULTURE,ARTS & CULTURE
ARTS & CULTURE,ARTS & CULTURE
SPORTS,SPORTS
BUSINESS,BUSINESS
COMEDY,COMEDY
COMEDY,COMEDY
BUSINESS,TECH
ARTS & CULTURE,ARTS & CULTURE
POLITICS,POLITICS
ARTS & CULTURE,ARTS & CULTURE
ARTS & CULTURE,ARTS & CULTURE
BUSINESS,BUSINESS
TECH,TECH
BUSINESS,BUSINESS
BUSINESS,BUSINESS
EDUCATION,EDUCATION
MEDIA,MEDIA
ARTS & CULTURE,ARTS & CULTURE
WOMEN,WOMEN
TECH,TECH
RELIGION,RELIGION
ENTERTAINMENT,ENTERTAINMENT
EDUCATION,EDUCATION
SPORTS,RELIGION
MEDIA,POLITICS
TECH,TECH
TECH,SCIENCE
BUSINESS,BUSINESS
ENTERTAINMENT,ENTERTAINMENT
POLITICS,POLITICS
CRIME,CRIME
MEDIA,COMEDY
BUSINESS,BUSINESS
SCIENCE,SCIENCE
RELIGION,RELIGION
ARTS & CULTURE,ARTS & CULTURE
BUSINESS,TECH
SPORTS,SPORTS
CRIME,CRIME
ENVIRONMENT,ENVIRONMENT
SPORTS,SPORTS
SCIENCE,ENVIRONMENT
ENVIRONMENT,ENVIRONMENT
ENVIRONMENT,ENVIRONMENT
BUSINESS,BUSINESS
SCIENCE,SCIENCE
ENTERTAINMENT,ENTERTAINMENT
WOMEN,WOMEN
MEDIA,MEDIA
TECH,TECH
MEDIA,WOMEN
MEDIA,MEDIA
ENTERTAINMENT,COMEDY
BUSINESS,ARTS & CULTURE
BUSINESS,BUSINESS
BUSINESS,BUSINESS
RELIGION,RELIGION
RELIGION,RELIGION
WOMEN,WOMEN
ENTERTAINMENT,ENTERTAINMENT
TECH,TECH
TECH,TECH
EDUCATION,EDUCATION
ARTS & CULTURE,ARTS & CULTURE
RELIGION,RELIGION
RELIGION,RELIGION
WOMEN,WOMEN
ARTS & CULTURE,ARTS & CULTURE
RELIGION,RELIGION
ARTS & CULTURE,ARTS & CULTURE
ENVIRONMENT,ENVIRONMENT
BUSINESS,BUSINESS
COMEDY,WOMEN
WOMEN,MEDIA
POLITICS,EDUCATION
POLITICS,POLITICS
ENTERTAINMENT,ENTERTAINMENT
SPORTS,SPORTS
TECH,TECH
RELIGION,RELIGION
EDUCATION,EDUCATION
SPORTS,SPORTS
BUSINESS,SCIENCE
POLITICS,POLITICS
BUSINESS,BUSINESS
TECH,TECH
CRIME,CRIME
SCIENCE,SCIENCE
BUSINESS,ARTS & CULTURE
COMEDY,COMEDY
ENTERTAINMENT,COMEDY
ARTS & CULTURE,ARTS & CULTURE
ARTS & CULTURE,ARTS & CULTURE
EDUCATION,EDUCATION
CRIME,CRIME
WOMEN,WOMEN
ENVIRONMENT,ENVIRONMENT
ARTS & CULTURE,ARTS & CULTURE
WOMEN,BUSINESS
POLITICS,POLITICS
POLITICS,POLITICS
ENVIRONMENT,SCIENCE
MEDIA,MEDIA
POLITICS,POLITICS
ARTS & CULTURE,COMEDY
POLITICS,POLITICS
ARTS & CULTURE,WOMEN
WOMEN,RELIGION
CRIME,CRIME
RELIGION,RELIGION
BUSINESS,BUSINESS
WOMEN,CRIME
ENVIRONMENT,ENVIRONMENT
WOMEN,ENTERTAINMENT
TECH,TECH
TECH,TECH
RELIGION,RELIGION
SPORTS,SPORTS
COMEDY,ARTS & CULTURE
BUSINESS,EDUCATION
ENTERTAINMENT,COMEDY
BUSINESS,POLITICS
SCIENCE,SCIENCE
ENTERTAINMENT,ENTERTAINMENT
WOMEN,WOMEN
RELIGION,RELIGION
WOMEN,MEDIA
BUSINESS,BUSINESS
POLITICS,POLITICS
RELIGION,RELIGION
MEDIA,MEDIA
BUSINESS,BUSINESS
MEDIA,MEDIA
BUSINESS,WOMEN
ARTS & CULTURE,ARTS & CULTURE
MEDIA,MEDIA
ENVIRONMENT,ENVIRONMENT
MEDIA,MEDIA
POLITICS,COMEDY
ARTS & CULTURE,ARTS & CULTURE
EDUCATION,EDUCATION
EDUCATION,RELIGION
MEDIA,COMEDY
ARTS & CULTURE,ARTS & CULTURE
ARTS & CULTURE,ARTS & CULTURE
ENTERTAINMENT,ENTERTAINMENT
ARTS & CULTURE,ARTS & CULTURE
EDUCATION,EDUCATION
SPORTS,SPORTS
ARTS & CULTURE,ARTS & CULTURE
ENTERTAINMENT,COMEDY
BUSINESS,BUSINESS
ARTS & CULTURE,ARTS & CULTURE
WOMEN,SPORTS
POLITICS,RELIGION
EDUCATION,EDUCATION
SCIENCE,EDUCATION
ENTERTAINMENT,ENTERTAINMENT
EDUCATION,EDUCATION
TECH,TECH
TECH,TECH
ARTS & CULTURE,ARTS & CULTURE
COMEDY,COMEDY
BUSINESS,POLITICS
RELIGION,RELIGION
SPORTS,SPORTS
WOMEN,WOMEN
SCIENCE,ENVIRONMENT
WOMEN,WOMEN
ARTS & CULTURE,ARTS & CULTURE
EDUCATION,EDUCATION
SPORTS,SPORTS
WOMEN,WOMEN
ENVIRONMENT,SCIENCE
SPORTS,SPORTS
RELIGION,RELIGION
MEDIA,MEDIA
EDUCATION,EDUCATION
TECH,TECH
MEDIA,MEDIA
TECH,TECH
EDUCATION,EDUCATION
COMEDY,COMEDY
EDUCATION,EDUCATION
WOMEN,ENTERTAINMENT
CRIME,CRIME
SPORTS,SPORTS
ARTS & CULTURE,ARTS & CULTURE
RELIGION,RELIGION
ENVIRONMENT,ENVIRONMENT
COMEDY,COMEDY
POLITICS,POLITICS
BUSINESS,MEDIA
RELIGION,POLITICS
ARTS & CULTURE,MEDIA
ENTERTAINMENT,ENTERTAINMENT
CRIME,CRIME
ENTERTAINMENT,ENTERTAINMENT
SPORTS,SPORTS
SCIENCE,SCIENCE
CRIME,CRIME
COMEDY,COMEDY
COMEDY,WOMEN
BUSINESS,BUSINESS
EDUCATION,EDUCATION
ARTS & CULTURE,ARTS & CULTURE
BUSINESS,BUSINESS
BUSINESS,TECH
EDUCATION,EDUCATION
ARTS & CULTURE,ARTS & CULTURE
RELIGION,RELIGION
COMEDY,COMEDY
SPORTS,SPORTS
EDUCATION,EDUCATION
EDUCATION,EDUCATION
ARTS & CULTURE,ARTS & CULTURE
POLITICS,COMEDY
EDUCATION,EDUCATION
SPORTS,SPORTS
MEDIA,MEDIA
COMEDY,COMEDY
WOMEN,WOMEN
BUSINESS,POLITICS
POLITICS,POLITICS
EDUCATION,POLITICS
TECH,TECH
ARTS & CULTURE,ARTS & CULTURE
ENVIRONMENT,ENVIRONMENT
CRIME,CRIME
ARTS & CULTURE,ARTS & CULTURE
RELIGION,RELIGION
ENVIRONMENT,ENVIRONMENT
POLITICS,POLITICS
POLITICS,ENVIRONMENT
ENTERTAINMENT,ENTERTAINMENT
SPORTS,CRIME
EDUCATION,EDUCATION
ARTS & CULTURE,EDUCATION
WOMEN,WOMEN
POLITICS,POLITICS
CRIME,SPORTS
SCIENCE,SCIENCE
COMEDY,COMEDY
ENTERTAINMENT,RELIGION
EDUCATION,EDUCATION
WOMEN,MEDIA
EDUCATION,EDUCATION
POLITICS,POLITICS
BUSINESS,TECH
ARTS & CULTURE,ARTS & CULTURE
ARTS & CULTURE,ARTS & CULTURE
RELIGION,RELIGION
WOMEN,ENTERTAINMENT
POLITICS,CRIME
TECH,TECH
BUSINESS,BUSINESS
ARTS & CULTURE,ARTS & CULTURE
ENTERTAINMENT,ENTERTAINMENT
CRIME,CRIME
POLITICS,POLITICS
ARTS & CULTURE,ARTS & CULTURE
WOMEN,CRIME
POLITICS,POLITICS
BUSINESS,BUSINESS
WOMEN,WOMEN
ARTS & CULTURE,ARTS & CULTURE
SPORTS,SPORTS
RELIGION,RELIGION
RELIGION,RELIGION
WOMEN,EDUCATION
SPORTS,SPORTS
EDUCATION,EDUCATION
COMEDY,COMEDY
ENVIRONMENT,ENVIRONMENT
POLITICS,POLITICS
WOMEN,WOMEN
CRIME,CRIME
MEDIA,ARTS & CULTURE
MEDIA,MEDIA
TECH,TECH
TECH,TECH
SCIENCE,SCIENCE
ARTS & CULTURE,ARTS & CULTURE
ENTERTAINMENT,ENTERTAINMENT
BUSINESS,CRIME
CRIME,CRIME
BUSINESS,BUSINESS
ARTS & CULTURE,ARTS & CULTURE
RELIGION,RELIGION
WOMEN,EDUCATION
ARTS & CULTURE,ARTS & CULTURE
ENTERTAINMENT,ARTS & CULTURE
MEDIA,POLITICS
COMEDY,ENTERTAINMENT
EDUCATION,EDUCATION
BUSINESS,MEDIA
SPORTS,SPORTS
SPORTS,SPORTS
CRIME,CRIME
MEDIA,MEDIA
SPORTS,MEDIA
BUSINESS,TECH
MEDIA,POLITICS
SPORTS,SPORTS
POLITICS,POLITICS
BUSINESS,TECH
TECH,TECH
TECH,SPORTS
ENVIRONMENT,BUSINESS
RELIGION,RELIGION
TECH,BUSINESS
CRIME,CRIME
EDUCATION,EDUCATION
ENVIRONMENT,ENVIRONMENT
CRIME,CRIME
COMEDY,COMEDY
ARTS & CULTURE,ARTS & CULTURE
POLITICS,POLITICS
ARTS & CULTURE,ARTS & CULTURE
ENVIRONMENT,SCIENCE
WOMEN,ARTS & CULTURE
EDUCATION,EDUCATION
ARTS & CULTURE,ARTS & CULTURE
ENTERTAINMENT,ENTERTAINMENT
ARTS & CULTURE,ARTS & CULTURE
COMEDY,SPORTS
BUSINESS,BUSINESS
ARTS & CULTURE,ARTS & CULTURE
EDUCATION,EDUCATION
SPORTS,SPORTS
TECH,WOMEN
MEDIA,MEDIA
ARTS & CULTURE,ARTS & CULTURE
BUSINESS,TECH
ENTERTAINMENT,ENTERTAINMENT
WOMEN,ARTS & CULTURE
ENTERTAINMENT,MEDIA
MEDIA,MEDIA
TECH,TECH
ARTS & CULTURE,ARTS & CULTURE
MEDIA,MEDIA
EDUCATION,EDUCATION
WOMEN,WOMEN
SCIENCE,ENVIRONMENT
CRIME,CRIME
SPORTS,SPORTS
POLITICS,BUSINESS
ARTS & CULTURE,ARTS & CULTURE
RELIGION,WOMEN
EDUCATION,EDUCATION
RELIGION,RELIGION
ENVIRONMENT,ENVIRONMENT
ARTS & CULTURE,ARTS & CULTURE
WOMEN,WOMEN
ENVIRONMENT,ENVIRONMENT
MEDIA,MEDIA
RELIGION,RELIGION
POLITICS,BUSINESS
WOMEN,WOMEN
MEDIA,MEDIA
BUSINESS,BUSINESS
WOMEN,WOMEN
ENTERTAINMENT,ENTERTAINMENT
ARTS & CULTURE,ENTERTAINMENT
COMEDY,COMEDY
ARTS & CULTURE,ARTS & CULTURE
SCIENCE,SCIENCE
EDUCATION,RELIGION
TECH,TECH
WOMEN,WOMEN
ENTERTAINMENT,ENTERTAINMENT
SCIENCE,ENVIRONMENT
ARTS & CULTURE,ARTS & CULTURE
EDUCATION,EDUCATION
ENTERTAINMENT,COMEDY
ENVIRONMENT,RELIGION
EDUCATION,EDUCATION
ENVIRONMENT,ENVIRONMENT
EDUCATION,EDUCATION
ARTS & CULTURE,ARTS & CULTURE
BUSINESS,BUSINESS
ENTERTAINMENT,ENTERTAINMENT
COMEDY,COMEDY
ENTERTAINMENT,ENTERTAINMENT
BUSINESS,BUSINESS
ARTS & CULTURE,ARTS & CULTURE
ARTS & CULTURE,EDUCATION
POLITICS,POLITICS
ENVIRONMENT,ENVIRONMENT
ENVIRONMENT,ENVIRONMENT
WOMEN,WOMEN
POLITICS,POLITICS
ENVIRONMENT,ENVIRONMENT
SCIENCE,SCIENCE
EDUCATION,EDUCATION
CRIME,POLITICS
TECH,SCIENCE
ARTS & CULTURE,ARTS & CULTURE
BUSINESS,BUSINESS
ARTS & CULTURE,ARTS & CULTURE
ARTS & CULTURE,ARTS & CULTURE
SPORTS,SPORTS
ENVIRONMENT,ENVIRONMENT
ARTS & CULTURE,COMEDY
CRIME,CRIME
ARTS & CULTURE,ARTS & CULTURE
RELIGION,RELIGION
SPORTS,SPORTS
TECH,POLITICS
ENVIRONMENT,ARTS & CULTURE
TECH,TECH
RELIGION,RELIGION
RELIGION,RELIGION
EDUCATION,EDUCATION
BUSINESS,BUSINESS
ARTS & CULTURE,ENTERTAINMENT
SCIENCE,EDUCATION
ARTS & CULTURE,ARTS & CULTURE
TECH,TECH
MEDIA,POLITICS
ENVIRONMENT,ENVIRONMENT
ARTS & CULTURE,ARTS & CULTURE
BUSINESS,WOMEN
MEDIA,MEDIA
SPORTS,SPORTS
TECH,TECH
BUSINESS,POLITICS
SPORTS,SPORTS
POLITICS,POLITICS
SPORTS,SPORTS
CRIME,CRIME
EDUCATION,EDUCATION
ENTERTAINMENT,ENTERTAINMENT
WOMEN,ARTS & CULTURE
EDUCATION,EDUCATION
SCIENCE,SCIENCE
ENTERTAINMENT,ENTERTAINMENT
POLITICS,POLITICS
SCIENCE,EDUCATION
EDUCATION,EDUCATION
EDUCATION,EDUCATION
ARTS & CULTURE,ARTS & CULTURE
SCIENCE,SCIENCE
POLITICS,POLITICS
MEDIA,COMEDY
SPORTS,SPORTS
COMEDY,COMEDY
ARTS & CULTURE,ENTERTAINMENT
BUSINESS,ENVIRONMENT
ARTS & CULTURE,ARTS & CULTURE
EDUCATION,EDUCATION
SCIENCE,SCIENCE
ARTS & CULTURE,ARTS & CULTURE
RELIGION,RELIGION
ARTS & CULTURE,ARTS & CULTURE
EDUCATION,EDUCATION
SPORTS,SPORTS
ARTS & CULTURE,ARTS & CULTURE
ARTS & CULTURE,ARTS & CULTURE
BUSINESS,BUSINESS
SPORTS,SPORTS
POLITICS,POLITICS
RELIGION,RELIGION
RELIGION,RELIGION
MEDIA,POLITICS
ENVIRONMENT,ENVIRONMENT
WOMEN,WOMEN
ARTS & CULTURE,ARTS & CULTURE
EDUCATION,BUSINESS
SPORTS,SPORTS
BUSINESS,BUSINESS
POLITICS,POLITICS
CRIME,CRIME
SCIENCE,POLITICS
ARTS & CULTURE,ARTS & CULTURE
ENTERTAINMENT,ENTERTAINMENT
EDUCATION,RELIGION
RELIGION,RELIGION
ENVIRONMENT,ENVIRONMENT
POLITICS,POLITICS
TECH,TECH
SCIENCE,SCIENCE
TECH,TECH
POLITICS,POLITICS
TECH,TECH
COMEDY,COMEDY
RELIGION,RELIGION
COMEDY,COMEDY
MEDIA,MEDIA
SPORTS,SPORTS
ARTS & CULTURE,ENTERTAINMENT
ARTS & CULTURE,ARTS & CULTURE
EDUCATION,EDUCATION
BUSINESS,BUSINESS
TECH,TECH
BUSINESS,BUSINESS
POLITICS,POLITICS
ARTS & CULTURE,ARTS & CULTURE
ENVIRONMENT,ENVIRONMENT
TECH,TECH
ARTS & CULTURE,ARTS & CULTURE
ARTS & CULTURE,ARTS & CULTURE
ENTERTAINMENT,ENTERTAINMENT
EDUCATION,EDUCATION
ENTERTAINMENT,MEDIA
CRIME,EDUCATION
BUSINESS,TECH
POLITICS,POLITICS
WOMEN,BUSINESS
POLITICS,POLITICS
RELIGION,RELIGION
WOMEN,WOMEN
EDUCATION,EDUCATION
RELIGION,POLITICS
ARTS & CULTURE,ENTERTAINMENT
ENVIRONMENT,ENVIRONMENT
RELIGION,RELIGION
POLITICS,POLITICS
POLITICS,POLITICS
TECH,TECH
MEDIA,POLITICS
WOMEN,ENTERTAINMENT
BUSINESS,SPORTS
EDUCATION,ENVIRONMENT
WOMEN,WOMEN
RELIGION,RELIGION
ARTS & CULTURE,ARTS & CULTURE
ARTS & CULTURE,ARTS & CULTURE
ENTERTAINMENT,ENTERTAINMENT
ARTS & CULTURE,ARTS & CULTURE
EDUCATION,EDUCATION
POLITICS,POLITICS
SPORTS,SPORTS
MEDIA,RELIGION
SPORTS,SPORTS
TECH,TECH
BUSINESS,BUSINESS
COMEDY,COMEDY
TECH,TECH
WOMEN,RELIGION
SPORTS,SPORTS
SPORTS,SPORTS
RELIGION,RELIGION
ARTS & CULTURE,ARTS & CULTURE
RELIGION,RELIGION
ARTS & CULTURE,ARTS & CULTURE
COMEDY,COMEDY
WOMEN,WOMEN
COMEDY,ENTERTAINMENT
WOMEN,BUSINESS
ARTS & CULTURE,POLITICS
EDUCATION,EDUCATION
SPORTS,SPORTS
BUSINESS,TECH
ENVIRONMENT,SCIENCE
WOMEN,ENTERTAINMENT
TECH,TECH
ARTS & CULTURE,ARTS & CULTURE
MEDIA,MEDIA
ARTS & CULTURE,ARTS & CULTURE
ENTERTAINMENT,ENTERTAINMENT
ENVIRONMENT,ENVIRONMENT
POLITICS,POLITICS
POLITICS,CRIME
EDUCATION,EDUCATION
ENTERTAINMENT,ENTERTAINMENT
POLITICS,POLITICS
RELIGION,RELIGION
ARTS & CULTURE,ARTS & CULTURE
TECH,BUSINESS
ARTS & CULTURE,ARTS & CULTURE
COMEDY,EDUCATION
TECH,TECH
ARTS & CULTURE,ARTS & CULTURE
SPORTS,WOMEN
EDUCATION,EDUCATION
SPORTS,SPORTS
WOMEN,WOMEN
ARTS & CULTURE,ARTS & CULTURE
RELIGION,RELIGION
SPORTS,SPORTS
TECH,TECH
ENTERTAINMENT,ENTERTAINMENT
MEDIA,MEDIA
COMEDY,COMEDY
TECH,BUSINESS
ENVIRONMENT,ENVIRONMENT
ARTS & CULTURE,ARTS & CULTURE
RELIGION,RELIGION
POLITICS,POLITICS
ARTS & CULTURE,ARTS & CULTURE
TECH,RELIGION
ARTS & CULTURE,ARTS & CULTURE
EDUCATION,EDUCATION
RELIGION,RELIGION
BUSINESS,BUSINESS
EDUCATION,EDUCATION
RELIGION,RELIGION
ENVIRONMENT,ENVIRONMENT
WOMEN,WOMEN
BUSINESS,EDUCATION
TECH,TECH
ENVIRONMENT,ENVIRONMENT
CRIME,CRIME
TECH,TECH
SPORTS,RELIGION
EDUCATION,EDUCATION
WOMEN,POLITICS
TECH,TECH
EDUCATION,EDUCATION
ENVIRONMENT,ENVIRONMENT
CRIME,CRIME
SCIENCE,SCIENCE
SCIENCE,SCIENCE
POLITICS,BUSINESS
ENTERTAINMENT,MEDIA
ENTERTAINMENT,ENTERTAINMENT
COMEDY,COMEDY
CRIME,CRIME
COMEDY,WOMEN
BUSINESS,BUSINESS
SCIENCE,SCIENCE
MEDIA,MEDIA
SCIENCE,SCIENCE
WOMEN,EDUCATION
WOMEN,ENTERTAINMENT
BUSINESS,BUSINESS
BUSINESS,POLITICS
EDUCATION,EDUCATION
ARTS & CULTURE,ARTS & CULTURE
ARTS & CULTURE,ENTERTAINMENT
ENTERTAINMENT,ENTERTAINMENT
SPORTS,SPORTS
ARTS & CULTURE,ARTS & CULTURE
ARTS & CULTURE,ARTS & CULTURE
ENTERTAINMENT,COMEDY
ARTS & CULTURE,MEDIA
ENVIRONMENT,ENVIRONMENT
EDUCATION,EDUCATION
ARTS & CULTURE,ARTS & CULTURE
POLITICS,POLITICS
WOMEN,WOMEN
POLITICS,POLITICS
POLITICS,POLITICS
COMEDY,COMEDY
POLITICS,POLITICS
ENVIRONMENT,ENVIRONMENT
ENVIRONMENT,ENVIRONMENT
SCIENCE,SCIENCE
SCIENCE,SCIENCE
POLITICS,ENVIRONMENT
ARTS & CULTURE,ARTS & CULTURE
ENVIRONMENT,WOMEN
ARTS & CULTURE,ARTS & CULTURE
BUSINESS,TECH
WOMEN,WOMEN
ENTERTAINMENT,ENTERTAINMENT
ARTS & CULTURE,ARTS & CULTURE
MEDIA,MEDIA
TECH,TECH
WOMEN,POLITICS
RELIGION,EDUCATION
ENVIRONMENT,ENVIRONMENT
CRIME,CRIME
ARTS & CULTURE,ARTS & CULTURE
SPORTS,SPORTS
POLITICS,WOMEN
SCIENCE,ENVIRONMENT
SPORTS,SPORTS
SCIENCE,SCIENCE
WOMEN,WOMEN
EDUCATION,RELIGION
ENTERTAINMENT,ENTERTAINMENT
CRIME,ENVIRONMENT
RELIGION,POLITICS
